{
  "layer_name": "K",
  "shape": [
    128,
    64
  ],
  "padded_shape": [
    128,
    64
  ],
  "blocksize": [
    8,
    8
  ],
  "num_blocks": 13,
  "num_block_rows": 16,
  "num_block_cols": 8,
  "density": 0.1015625,
  "sparsity_pct": 89.84375,
  "row_ptr": [
    0,
    0,
    0,
    3,
    4,
    4,
    4,
    6,
    8,
    11,
    11,
    11,
    12,
    12,
    13,
    13,
    13
  ],
  "col_idx": [
    0,
    1,
    5,
    6,
    1,
    3,
    2,
    3,
    0,
    2,
    4,
    3,
    6
  ],
  "tiles_per_row": [
    0,
    0,
    3,
    1,
    0,
    0,
    2,
    2,
    3,
    0,
    0,
    1,
    0,
    1,
    0,
    0
  ],
  "max_tiles_per_row": 3,
  "avg_tiles_per_row": 0.8125
}