{
  "layer_name": "fc1",
  "shape": [
    128,
    9216
  ],
  "padded_shape": [
    128,
    9216
  ],
  "blocksize": [
    8,
    8
  ],
  "num_blocks": 1576,
  "num_block_rows": 16,
  "num_block_cols": 1152,
  "density": 0.08550347222222222,
  "sparsity_pct": 91.44965277777779,
  "row_ptr": [
    0,
    105,
    197,
    320,
    449,
    538,
    653,
    812,
    899,
    954,
    1022,
    1199,
    1361,
    1372,
    1434,
    1525,
    1576
  ],
  "col_idx": [
    96,
    99,
    101,
    102,
    104,
    112,
    113,
    114,
    115,
    116,
    117,
    119,
    120,
    121,
    122,
    123,
    148,
    149,
    150,
    151,
    152,
    155,
    156,
    158,
    167,
    209,
    237,
    243,
    244,
    362,
    363,
    417,
    418,
    419,
    420,
    421,
    422,
    423,
    424,
    425,
    426,
    427,
    428,
    430,
    453,
    458,
    459,
    460,
    461,
    525,
    527,
    528,
    529,
    530,
    531,
    532,
    533,
    534,
    537,
    538,
    668,
    669,
    670,
    671,
    672,
    674,
    675,
    676,
    677,
    679,
    680,
    681,
    687,
    689,
    690,
    691,
    692,
    694,
    695,
    707,
    711,
    713,
    887,
    889,
    890,
    891,
    892,
    893,
    894,
    896,
    1065,
    1066,
    1067,
    1068,
    1069,
    1070,
    1071,
    1072,
    1073,
    1074,
    1075,
    1076,
    1077,
    1078,
    1079,
    96,
    99,
    110,
    111,
    112,
    113,
    114,
    115,
    116,
    117,
    118,
    119,
    120,
    122,
    149,
    150,
    152,
    153,
    155,
    156,
    158,
    170,
    237,
    240,
    242,
    245,
    362,
    416,
    417,
    418,
    419,
    420,
    421,
    422,
    423,
    425,
    426,
    428,
    429,
    430,
    431,
    453,
    458,
    459,
    524,
    525,
    527,
    528,
    530,
    531,
    533,
    537,
    666,
    668,
    669,
    670,
    671,
    672,
    674,
    675,
    677,
    680,
    687,
    689,
    690,
    691,
    692,
    693,
    694,
    695,
    698,
    699,
    887,
    888,
    889,
    890,
    891,
    893,
    894,
    896,
    1064,
    1065,
    1068,
    1069,
    1070,
    1071,
    1072,
    1073,
    1074,
    1075,
    1077,
    1079,
    93,
    96,
    98,
    99,
    101,
    102,
    105,
    111,
    112,
    113,
    114,
    115,
    116,
    117,
    118,
    119,
    120,
    121,
    122,
    149,
    150,
    151,
    152,
    154,
    155,
    167,
    168,
    170,
    171,
    204,
    209,
    213,
    215,
    237,
    240,
    242,
    243,
    248,
    417,
    418,
    419,
    420,
    421,
    422,
    423,
    424,
    425,
    426,
    427,
    428,
    429,
    430,
    431,
    453,
    456,
    458,
    459,
    525,
    527,
    528,
    530,
    531,
    534,
    537,
    667,
    668,
    669,
    670,
    671,
    672,
    674,
    675,
    676,
    677,
    678,
    679,
    680,
    681,
    686,
    688,
    689,
    691,
    692,
    693,
    694,
    695,
    697,
    698,
    701,
    705,
    708,
    710,
    711,
    717,
    884,
    885,
    886,
    887,
    888,
    889,
    890,
    891,
    892,
    893,
    894,
    895,
    896,
    897,
    1065,
    1066,
    1067,
    1068,
    1069,
    1070,
    1071,
    1072,
    1073,
    1074,
    1075,
    1076,
    1077,
    1078,
    1079,
    96,
    99,
    100,
    101,
    102,
    104,
    105,
    110,
    111,
    112,
    113,
    114,
    115,
    116,
    117,
    118,
    119,
    120,
    121,
    122,
    123,
    149,
    150,
    151,
    152,
    153,
    155,
    158,
    168,
    169,
    170,
    171,
    173,
    176,
    207,
    213,
    237,
    239,
    240,
    242,
    243,
    245,
    363,
    416,
    417,
    418,
    419,
    420,
    421,
    422,
    423,
    424,
    425,
    426,
    427,
    428,
    430,
    431,
    452,
    453,
    455,
    458,
    459,
    524,
    525,
    526,
    527,
    528,
    529,
    530,
    531,
    532,
    533,
    534,
    537,
    668,
    669,
    670,
    671,
    672,
    674,
    675,
    676,
    677,
    678,
    680,
    681,
    687,
    688,
    689,
    691,
    692,
    693,
    694,
    695,
    698,
    705,
    710,
    711,
    716,
    742,
    747,
    885,
    886,
    887,
    888,
    889,
    890,
    891,
    892,
    893,
    894,
    897,
    1065,
    1066,
    1067,
    1068,
    1069,
    1070,
    1071,
    1072,
    1073,
    1074,
    1075,
    1076,
    1077,
    1078,
    1079,
    1140,
    99,
    111,
    112,
    113,
    114,
    115,
    116,
    117,
    119,
    120,
    122,
    123,
    149,
    155,
    156,
    158,
    237,
    239,
    243,
    245,
    362,
    417,
    418,
    419,
    420,
    421,
    422,
    423,
    424,
    425,
    426,
    427,
    428,
    429,
    430,
    453,
    455,
    459,
    524,
    525,
    526,
    527,
    528,
    530,
    531,
    535,
    537,
    666,
    668,
    669,
    671,
    672,
    673,
    674,
    675,
    678,
    680,
    681,
    686,
    687,
    688,
    689,
    690,
    691,
    692,
    693,
    695,
    698,
    699,
    885,
    887,
    888,
    889,
    890,
    891,
    893,
    894,
    896,
    897,
    1065,
    1068,
    1069,
    1070,
    1071,
    1074,
    1075,
    1077,
    1078,
    1079,
    93,
    95,
    96,
    98,
    105,
    111,
    112,
    113,
    114,
    115,
    116,
    117,
    118,
    119,
    120,
    122,
    147,
    148,
    149,
    150,
    151,
    152,
    154,
    156,
    158,
    159,
    165,
    177,
    237,
    239,
    240,
    242,
    243,
    245,
    246,
    249,
    362,
    363,
    417,
    418,
    419,
    420,
    421,
    422,
    423,
    424,
    425,
    426,
    427,
    428,
    429,
    430,
    453,
    455,
    456,
    458,
    459,
    524,
    525,
    526,
    527,
    528,
    529,
    530,
    531,
    533,
    536,
    537,
    668,
    669,
    670,
    671,
    672,
    673,
    674,
    675,
    677,
    678,
    680,
    681,
    683,
    687,
    689,
    691,
    692,
    693,
    694,
    695,
    698,
    699,
    701,
    711,
    714,
    741,
    885,
    887,
    888,
    889,
    890,
    893,
    894,
    896,
    897,
    1068,
    1069,
    1070,
    1071,
    1072,
    1073,
    1074,
    1076,
    1077,
    1078,
    1079,
    1140,
    93,
    95,
    96,
    97,
    98,
    99,
    100,
    101,
    102,
    104,
    105,
    110,
    111,
    112,
    113,
    114,
    115,
    116,
    118,
    119,
    120,
    121,
    122,
    146,
    147,
    148,
    149,
    150,
    151,
    152,
    153,
    155,
    156,
    158,
    164,
    165,
    167,
    168,
    170,
    171,
    173,
    177,
    203,
    204,
    205,
    215,
    236,
    237,
    239,
    240,
    241,
    242,
    243,
    245,
    248,
    249,
    362,
    363,
    368,
    369,
    371,
    416,
    417,
    418,
    419,
    420,
    421,
    422,
    423,
    424,
    425,
    426,
    427,
    428,
    429,
    430,
    431,
    453,
    455,
    456,
    457,
    458,
    459,
    461,
    524,
    525,
    526,
    527,
    528,
    529,
    530,
    531,
    533,
    534,
    536,
    537,
    666,
    667,
    668,
    669,
    670,
    671,
    672,
    673,
    674,
    675,
    676,
    677,
    678,
    680,
    681,
    686,
    687,
    688,
    689,
    690,
    691,
    692,
    693,
    694,
    695,
    697,
    698,
    699,
    700,
    701,
    707,
    708,
    711,
    717,
    746,
    884,
    885,
    887,
    888,
    889,
    890,
    891,
    892,
    893,
    894,
    895,
    896,
    897,
    1065,
    1066,
    1067,
    1068,
    1069,
    1070,
    1071,
    1072,
    1073,
    1074,
    1075,
    1076,
    1077,
    1078,
    1079,
    96,
    98,
    99,
    101,
    105,
    111,
    112,
    113,
    114,
    115,
    116,
    117,
    118,
    119,
    120,
    122,
