{
  "layer_name": "conv_32_64",
  "shape": [
    64,
    288
  ],
  "padded_shape": [
    64,
    288
  ],
  "blocksize": [
    4,
    4
  ],
  "num_blocks": 346,
  "num_block_rows": 16,
  "num_block_cols": 72,
  "density": 0.3003472222222222,
  "sparsity_pct": 69.96527777777779,
  "row_ptr": [
    0,
    18,
    34,
    58,
    79,
    95,
    119,
    138,
    156,
    179,
    201,
    219,
    243,
    263,
    287,
    318,
    346
  ],
  "col_idx": [
    1,
    8,
    13,
    14,
    16,
    20,
    21,
    26,
    27,
    32,
    34,
    36,
    37,
    40,
    48,
    52,
    53,
    64,
    8,
    15,
    19,
    23,
    26,
    31,
    39,
    40,
    47,
    49,
    50,
    51,
    57,
    58,
    62,
    71,
    2,
    3,
    6,
    7,
    8,
    15,
    16,
    17,
    18,
    22,
    27,
    39,
    42,
    43,
    45,
    47,
    50,
    53,
    56,
    57,
    58,
    61,
    62,
    63,
    0,
    3,
    8,
    9,
    10,
    13,
    14,
    16,
    17,
    25,
    30,
    36,
    37,
    42,
    46,
    51,
    53,
    60,
    63,
    66,
    67,
    0,
    5,
    7,
    9,
    15,
    27,
    29,
    37,
    42,
    49,
    51,
    55,
    57,
    59,
    60,
    70,
    4,
    13,
    14,
    16,
    18,
    19,
    24,
    25,
    26,
    27,
    31,
    32,
    37,
    40,
    41,
    42,
    43,
    46,
    50,
    54,
    55,
    58,
    59,
    61,
    5,
    6,
    9,
    20,
    23,
    27,
    31,
    34,
    37,
    39,
    40,
    42,
    48,
    52,
    56,
    60,
    64,
    70,
    71,
    1,
    4,
    5,
    6,
    7,
    11,
    16,
    20,
    36,
    42,
    46,
    51,
    52,
    58,
    59,
    60,
    61,
    67,
    1,
    3,
    10,
    16,
    24,
    31,
    32,
    33,
    34,
    36,
    43,
    47,
    48,
    51,
    56,
    61,
    63,
    64,
    65,
    66,
    69,
    70,
    71,
    0,
    3,
    10,
    11,
    15,
    21,
    23,
    24,
    28,
    32,
    33,
    35,
    38,
    39,
    43,
    50,
    51,
    54,
    57,
    61,
    62,
    71,
    5,
    9,
    15,
    22,
    24,
    27,
    28,
    29,
    31,
    43,
    46,
    49,
    50,
    55,
    56,
    58,
    59,
    71,
    2,
    3,
    5,
    8,
    12,
    13,
    14,
    23,
    26,
    27,
    29,
    34,
    37,
    39,
    43,
    44,
    48,
    53,
    54,
    59,
    62,
    64,
    68,
    71,
    6,
    7,
    14,
    15,
    16,
    19,
    21,
    23,
    26,
    27,
    33,
    37,
    41,
    42,
    43,
    51,
    53,
    62,
    63,
    65,
    2,
    15,
    17,
    19,
    21,
    23,
    24,
    25,
    30,
    32,
    36,
    38,
    39,
    42,
    44,
    47,
    52,
    55,
    59,
    61,
    65,
    66,
    69,
    71,
    0,
    3,
    4,
    6,
    8,
    9,
    12,
    13,
    17,
    20,
    23,
    27,
    29,
    30,
    36,
    37,
    41,
    43,
    44,
    45,
    48,
    49,
    50,
    52,
    53,
    56,
    57,
    61,
    67,
    68,
    71,
    2,
    3,
    4,
    5,
    7,
    8,
    9,
    14,
    15,
    17,
    22,
    39,
    40,
    42,
    43,
    46,
    50,
    52,
    53,
    54,
    55,
    56,
    60,
    61,
    62,
    64,
    67,
    71
  ],
  "tiles_per_row": [
    18,
    16,
    24,
    21,
    16,
    24,
    19,
    18,
    23,
    22,
    18,
    24,
    20,
    24,
    31,
    28
  ],
  "max_tiles_per_row": 31,
  "avg_tiles_per_row": 21.625
}