{
  "layer_name": "conv2",
  "shape": [
    64,
    288
  ],
  "padded_shape": [
    64,
    288
  ],
  "blocksize": [
    4,
    4
  ],
  "num_blocks": 345,
  "num_block_rows": 16,
  "num_block_cols": 72,
  "density": 0.2994791666666667,
  "sparsity_pct": 70.05208333333333,
  "row_ptr": [
    0,
    0,
    37,
    62,
    86,
    86,
    119,
    155,
    185,
    189,
    227,
    243,
    243,
    281,
    281,
    323,
    345
  ],
  "col_idx": [
    6,
    7,
    8,
    9,
    11,
    12,
    13,
    14,
    15,
    16,
    17,
    18,
    19,
    20,
    21,
    22,
    23,
    24,
    27,
    32,
    35,
    36,
    37,
    41,
    43,
    44,
    46,
    47,
    54,
    56,
    59,
    60,
    63,
    66,
    67,
    70,
    71,
    7,
    11,
    12,
    13,
    15,
    16,
    21,
    22,
    23,
    24,
    32,
    33,
    41,
    42,
    43,
    48,
    50,
    52,
    53,
    54,
    55,
    56,
    59,
    60,
    63,
    6,
    7,
    12,
    13,
    16,
    18,
    19,
    20,
    21,
    22,
    23,
    24,
    27,
    31,
    32,
    33,
    37,
    40,
    41,
    49,
    54,
    63,
    64,
    70,
    3,
    7,
    8,
    10,
    11,
    12,
    13,
    14,
    16,
    17,
    18,
    19,
    20,
    24,
    29,
    31,
    32,
    33,
    36,
    37,
    38,
    39,
    40,
    42,
    45,
    47,
    48,
    49,
    54,
    56,
    63,
    67,
    69,
    6,
    11,
    12,
    13,
    16,
    17,
    18,
    19,
    20,
    21,
    22,
    23,
    24,
    25,
    26,
    28,
    30,
    31,
    34,
    36,
    37,
    40,
    43,
    44,
    48,
    50,
    54,
    55,
    59,
    60,
    62,
    63,
    64,
    65,
    66,
    71,
    5,
    6,
    7,
    8,
    9,
    13,
    14,
    15,
    16,
    17,
    18,
    19,
    21,
    31,
    32,
    33,
    34,
    36,
    37,
    40,
    41,
    45,
    47,
    48,
    51,
    54,
    55,
    57,
    65,
    66,
    13,
    42,
    55,
    70,
    6,
    8,
    10,
    11,
    12,
    16,
    20,
    21,
    22,
    24,
    25,
    26,
    27,
    28,
    31,
    32,
    33,
    36,
    37,
    38,
    40,
    41,
    42,
    44,
    45,
    49,
    51,
    52,
    53,
    54,
    55,
    58,
    59,
    61,
    64,
    66,
    70,
    71,
    7,
    8,
    12,
    14,
    21,
    23,
    36,
    37,
    38,
    41,
    46,
    47,
    49,
    54,
    56,
    63,
    0,
    6,
    7,
    8,
    12,
    13,
    14,
    15,
    16,
    17,
    18,
    19,
    20,
    21,
    22,
    23,
    25,
    26,
    32,
    33,
    36,
    37,
    38,
    40,
    41,
    42,
    45,
    46,
    47,
    48,
    49,
    54,
    55,
    56,
    59,
    62,
    67,
    68,
    0,
    1,
    4,
    7,
    8,
    10,
    11,
    12,
    13,
    16,
    17,
    18,
    20,
    21,
    22,
    25,
    27,
    29,
    31,
    32,
    33,
    36,
    37,
    38,
    40,
    41,
    42,
    44,
    45,
    46,
    47,
    49,
    52,
    54,
    55,
    60,
    61,
    63,
    64,
    67,
    69,
    70,
    11,
    12,
    13,
    15,
    16,
    17,
    18,
    20,
    23,
    36,
    37,
    38,
    40,
    42,
    46,
    48,
    51,
    54,
    55,
    58,
    65,
    67
  ],
  "tiles_per_row": [
    0,
    37,
    25,
    24,
    0,
    33,
    36,
    30,
    4,
    38,
    16,
    0,
    38,
    0,
    42,
    22
  ],
  "max_tiles_per_row": 42,
  "avg_tiles_per_row": 21.5625
}