{
  "layer_name": "fc_1024_256",
  "shape": [
    256,
    1024
  ],
  "padded_shape": [
    256,
    1024
  ],
  "blocksize": [
    8,
    8
  ],
  "num_blocks": 615,
  "num_block_rows": 32,
  "num_block_cols": 128,
  "density": 0.150146484375,
  "sparsity_pct": 84.9853515625,
  "row_ptr": [
    0,
    17,
    36,
    46,
    63,
    84,
    104,
    127,
    146,
    170,
    188,
    202,
    227,
    242,
    265,
    285,
    301,
    316,
    335,
    349,
    370,
    383,
    406,
    428,
    449,
    470,
    488,
    510,
    529,
    543,
    567,
    593,
    615
  ],
  "col_idx": [
    1,
    4,
    16,
    19,
    21,
    34,
    35,
    46,
    50,
    64,
    95,
    98,
    103,
    116,
    119,
    122,
    127,
    2,
    18,
    25,
    26,
    32,
    33,
    52,
    58,
    61,
    62,
    69,
    72,
    73,
    74,
    78,
    97,
    113,
    117,
    125,
    6,
    12,
    37,
    45,
    61,
    74,
    81,
    113,
    122,
    123,
    7,
    8,
    13,
    15,
    16,
    19,
    34,
    68,
    71,
    75,
    82,
    85,
    90,
    103,
    104,
    108,
    118,
    0,
    12,
    25,
    28,
    34,
    47,
    50,
    51,
    57,
    62,
    68,
    74,
    88,
    94,
    96,
    111,
    113,
    115,
    121,
    123,
    127,
    0,
    1,
    6,
    8,
    16,
    18,
    19,
    23,
    41,
    43,
    44,
    58,
    59,
    62,
    63,
    69,
    100,
    107,
    123,
    126,
    1,
    5,
    7,
    11,
    16,
    23,
    27,
    29,
    36,
    47,
    62,
    65,
    67,
    69,
    85,
    86,
    92,
    95,
    102,
    108,
    109,
    110,
    112,
    0,
    24,
    58,
    59,
    60,
    63,
    64,
    75,
    76,
    79,
    84,
    95,
    96,
    99,
    100,
    116,
    120,
    124,
    125,
    4,
    14,
    21,
    27,
    35,
    36,
    45,
    52,
    53,
    57,
    58,
    68,
    71,
    91,
    95,
    102,
    105,
    106,
    112,
    115,
    117,
    123,
    124,
    126,
    0,
    1,
    2,
    6,
    10,
    14,
    28,
    31,
    32,
    60,
    63,
    66,
    67,
    86,
    91,
    105,
    115,
    123,
    2,
    11,
    14,
    17,
    20,
    26,
    47,
    66,
    74,
    83,
    87,
    89,
    110,
    120,
    0,
    1,
    7,
    26,
    30,
    31,
    35,
    37,
    62,
    70,
    71,
    74,
    76,
    77,
    87,
    88,
    92,
    96,
    107,
    112,
    114,
    119,
    120,
    121,
    126,
    34,
    43,
    49,
    53,
    59,
    61,
    67,
    95,
    98,
    100,
    102,
    107,
    112,
    125,
    127,
    0,
    14,
    15,
    18,
    21,
    22,
    29,
    31,
    32,
    34,
    40,
    41,
    43,
    51,
    58,
    69,
    70,
    87,
    93,
    94,
    95,
    104,
    123,
    2,
    4,
    7,
    10,
    14,
    18,
    24,
    27,
    31,
    49,
    51,
    61,
    71,
    89,
    92,
    98,
    103,
    107,
    114,
    127,
    3,
    10,
    11,
    35,
    39,
    49,
    54,
    61,
    62,
    66,
    78,
    86,
    107,
    118,
    121,
    127,
    1,
    8,
    13,
    14,
    17,
    20,
    26,
    37,
    40,
    53,
    87,
    91,
    98,
    112,
    121,
    6,
    15,
    21,
    22,
    23,
    24,
    29,
    38,
    59,
    61,
    77,
    79,
    88,
    91,
    101,
    102,
    118,
    124,
    125,
    7,
    13,
    20,
    23,
    27,
    32,
    39,
    48,
    57,
    59,
    64,
    81,
    87,
    89,
    0,
    1,
    3,
    17,
    18,
    22,
    23,
    53,
    57,
    59,
    79,
    86,
    88,
    92,
    100,
    105,
    112,
    124,
    125,
    126,
    127,
    5,
    8,
    12,
    38,
    44,
    52,
    53,
    57,
    65,
    80,
    100,
    115,
    120,
    2,
    5,
    7,
    13,
    15,
    41,
    43,
    45,
    46,
    47,
    56,
    59,
    79,
    85,
    86,
    89,
    102,
    108,
    109,
    111,
    118,
    123,
    126,
    8,
    21,
    22,
    26,
    32,
    33,
    37,
    47,
    53,
    54,
    59,
    63,
    72,
    85,
    88,
    92,
    95,
    98,
    103,
    110,
    115,
    123,
    0,
    1,
    6,
    17,
    31,
    32,
    33,
    39,
    55,
    58,
    59,
    61,
    65,
    85,
    96,
    106,
    107,
    116,
    118,
    121,
    123,
    1,
    20,
    27,
    32,
    36,
    38,
    40,
    47,
    48,
    52,
    62,
    75,
    80,
    85,
    98,
    99,
    102,
    103,
    111,
    112,
    119,
    2,
    19,
    34,
    42,
    43,
    47,
    55,
    61,
    72,
    89,
    96,
    98,
    102,
    104,
    108,
    112,
    114,
    127,
    14,
    15,
    20,
    26,
    28,
    31,
    41,
    52,
    57,
    66,
    69,
    85,
    89,
    91,
    92,
    93,
    97,
    102,
    108,
    116,
    117,
    118,
    1,
    2,
    3,
    5,
    8,
    18,
    22,
    29,
    43,
    51,
    54,
    63,
    77,
    91,
    100,
    105,
    125,
    126,
    127,
    3,
    13,
    41,
    43,
    48,
    54,
    59,
    61,
    62,
    86,
    97,
    102,
    112,
    114,
    10,
    11,
    17,
    18,
    23,
    24,
    31,
    36,
    41,
    50,
    51,
    53,
    60,
    61,
    67,
    74,
    75,
    78,
    84,
    86,
    98,
    108,
    116,
    119,
    0,
    3,
    9,
    16,
    19,
    22,
    23,
    38,
    41,
    44,
    50,
    53,
    55,
    70,
    75,
    78,
    83,
    85,
    88,
    90,
    92,
    94,
    101,
    103,
    113,
    119,
    4,
    6,
    9,
    12,
    18,
    22,
    26,
    29,
    32,
    33,
    40,
    41,
    51,
    75,
    78,
    92,
    95,
    96,
    99,
    110,
    112,
    121
  ],
  "tiles_per_row": [
    17,
    19,
    10,
    17,
    21,
    20,
    23,
    19,
    24,
    18,
    14,
    25,
    15,
    23,
    20,
    16,
    15,
    19,
    14,
    21,
    13,
    23,
    22,
    21,
    21,
    18,
    22,
    19,
    14,
    24,
    26,
    22
  ],
  "max_tiles_per_row": 26,
  "avg_tiles_per_row": 19.21875
}