{
  "layer_name": "fc_9216_128",
  "shape": [
    128,
    9216
  ],
  "padded_shape": [
    128,
    9216
  ],
  "blocksize": [
    8,
    8
  ],
  "num_blocks": 1844,
  "num_block_rows": 16,
  "num_block_cols": 1152,
  "density": 0.10004340277777778,
  "sparsity_pct": 89.99565972222221,
  "row_ptr": [
    0,
    111,
    225,
    345,
    450,
    578,
    694,
    814,
    942,
    1044,
    1153,
    1270,
    1386,
    1492,
    1599,
    1712,
    1844
  ],
  "col_idx": [
    9,
    11,
    13,
    55,
    60,
    77,
    89,
    105,
    117,
    125,
    126,
    145,
    148,
    153,
    161,
    189,
    190,
    197,
    202,
    206,
    207,
    213,
    235,
    236,
    271,
    281,
    294,
    301,
    302,
    338,
    352,
    362,
    374,
    384,
    391,
    404,
    406,
    412,
    417,
    419,
    458,
    481,
    488,
    502,
    504,
    514,
    525,
    526,
    529,
    539,
    545,
    552,
    560,
    569,
    571,
    614,
    619,
    629,
    632,
    661,
    663,
    666,
    667,
    698,
    699,
    726,
    728,
    767,
    768,
    769,
    784,
    793,
    804,
    806,
    814,
    822,
    823,
    827,
    845,
    846,
    851,
    853,
    854,
    860,
    876,
    892,
    894,
    899,
    922,
    951,
    955,
    956,
    968,
    974,
    987,
    988,
    995,
    1000,
    1007,
    1015,
    1016,
    1021,
    1058,
    1059,
    1060,
    1062,
    1081,
    1120,
    1125,
    1136,
    1150,
    2,
    13,
    15,
    25,
    62,
    66,
    77,
    87,
    88,
    96,
    100,
    115,
    127,
    134,
    148,
    152,
    154,
    160,
    164,
    172,
    189,
    190,
    201,
    215,
    230,
    237,
    251,
    257,
    283,
    329,
    348,
    372,
    379,
    390,
    397,
    408,
    429,
    433,
    439,
    453,
    455,
    467,
    470,
    473,
    484,
    486,
    493,
    494,
    515,
    526,
    527,
    530,
    533,
    582,
    583,
    590,
    598,
    607,
    609,
    610,
    611,
    640,
    646,
    650,
    658,
    664,
    674,
    676,
    700,
    702,
    716,
    743,
    747,
    754,
    756,
    765,
    773,
    778,
    779,
    781,
    787,
    817,
    818,
    828,
    834,
    838,
    846,
    875,
    881,
    896,
    897,
    898,
    912,
    919,
    927,
    930,
    953,
    954,
    961,
    964,
    968,
    973,
    985,
    987,
    991,
    1038,
    1040,
    1041,
    1046,
    1048,
    1067,
    1091,
    1126,
    1137,
    23,
    32,
    39,
    49,
    52,
    61,
    64,
    78,
    81,
    92,
    117,
    123,
    124,
    126,
    129,
    139,
    150,
    165,
    168,
    171,
    175,
    178,
    185,
    187,
    190,
    198,
    226,
    235,
    253,
    264,
    269,
    286,
    295,
    308,
    328,
    361,
    363,
    370,
    389,
    391,
    404,
    407,
    413,
    415,
    416,
    434,
    443,
    475,
    504,
    507,
    513,
    540,
    545,
    548,
    559,
    565,
    571,
    587,
    607,
    610,
    616,
    657,
    660,
    663,
    665,
    671,
    679,
    685,
    700,
    701,
    705,
    716,
    724,
    736,
    737,
    747,
    750,
    763,
    768,
    779,
    782,
    789,
    837,
    848,
    851,
    869,
    874,
    882,
    912,
    920,
    921,
    924,
    945,
    962,
    963,
    969,
    987,
    988,
    990,
    996,
    1000,
    1026,
    1038,
    1039,
    1052,
    1064,
    1069,
    1070,
    1076,
    1085,
    1087,
    1113,
    1115,
    1116,
    1126,
    1132,
    1136,
    1140,
    1148,
    1149,
    20,
    34,
    50,
    74,
    97,
    100,
    105,
    108,
    112,
    140,
    144,
    154,
    171,
    173,
    180,
    184,
    198,
    220,
    227,
    231,
    253,
    256,
    257,
    260,
    263,
    270,
    282,
    285,
    292,
    300,
    306,
    341,
    354,
    356,
    358,
    362,
    394,
    407,
    434,
    444,
    455,
    457,
    487,
    516,
    531,
    542,
    544,
    558,
    562,
    577,
    634,
    651,
    653,
    658,
    677,
    686,
    690,
    702,
    708,
    711,
    715,
    732,
    752,
    756,
    776,
    787,
    799,
    807,
    841,
    844,
    856,
    868,
    874,
    890,
    902,
    904,
    905,
    907,
    924,
    933,
    950,
    969,
    970,
    974,
    975,
    976,
    981,
    984,
    987,
    995,
    996,
    1009,
    1014,
    1025,
    1035,
    1038,
    1039,
    1041,
    1043,
    1061,
    1087,
    1088,
    1099,
    1110,
    1143,
    3,
    4,
    8,
    13,
    24,
    29,
    34,
    36,
    40,
    54,
    62,
    65,
    67,
    95,
    121,
    127,
    128,
    129,
    140,
    149,
    152,
    169,
    172,
    182,
    191,
    196,
    197,
    198,
    201,
    223,
    227,
    233,
    238,
    245,
    246,
    250,
    265,
    274,
    284,
    287,
    302,
    309,
    323,
    336,
    356,
    363,
    368,
    402,
    408,
    421,
    443,
    444,
    448,
    465,
    470,
    476,
    496,
    497,
    501,
    514,
    516,
    518,
    528,
    569,
    570,
    571,
    581,
    624,
    625,
    629,
    630,
    632,
    641,
    648,
    650,
    668,
    679,
    687,
    691,
    693,
    703,
    711,
    712,
    726,
    734,
    762,
    765,
    779,
    782,
    800,
    807,
    815,
    821,
    827,
    834,
    837,
    840,
    842,
    867,
    878,
    882,
    887,
    922,
    928,
    931,
    952,
    961,
    980,
    984,
    992,
    1014,
    1018,
    1036,
    1037,
    1047,
    1048,
    1067,
    1085,
    1091,
    1096,
    1105,
    1116,
    1118,
    1137,
    1142,
    1144,
    1149,
    1151,
    12,
    16,
    19,
    22,
    28,
    31,
    37,
    41,
    95,
    110,
    118,
    121,
    132,
    135,
    141,
    147,
    181,
    189,
    191,
    199,
    224,
    226,
    228,
    229,
    237,
    252,
    282,
    299,
    322,
    330,
    339,
    342,
    356,
    362,
    380,
    390,
    394,
    408,
    423,
    424,
    430,
    469,
    473,
    476,
    478,
    494,
    502,
    505,
    509,
    516,
    523,
    528,
    534,
    535,
    553,
    571,
    582,
    599,
    608,
    611,
    614,
    616,
    636,
    646,
    660,
    670,
    681,
    686,
    696,
    709,
    711,
    728,
    754,
    770,
    780,
    782,
    786,
    788,
    803,
    805,
    810,
    813,
    825,
    828,
    850,
    856,
    878,
    880,
    885,
    892,
    895,
    915,
    944,
    961,
    962,
    971,
    976,
    977,
    978,
    1004,
    1007,
    1016,
    1023,
    1039,
    1041,
    1047,
    1049,
    1059,
    1073,
    1113,
    1121,
    1122,
    1133,
    1134,
    1138,
    1150,
    5,
    12,
    26,
    29,
    31,
    37,
    48,
    54,
    58,
    68,
    69,
    76,
    84,
    93,
    97,
    98,
    110,
    129,
    131,
    140,
    144,
    145,
    147,
    157,
    167,
    171,
    202,
    207,
    211,
    225,
    235,
    239,
    242,
    246,
    267,
    272,
    274,
    284,
    294,
    296,
    302,
    306,
    315,
    327,
    341,
    354,
    362,
    375,
    379,
    399,
    400,
    402,
    428,
    431,
    438,
    445,
    461,
    478,
    480,
    488,
    509,
    512,
    514,
    534,
    543,
    571,
    579,
    582,
    607,
    614,
    631,
    648,
    649,
    652,
    662,
    665,
    675,
    683,
    705,
    710,
    717,
    731,
    739,
    745,
    761,
    767,
    781,
    803,
    849,
    865,
    871,
    892,
    893,
    901,
    920,
    931,
    936,
    951,
    994,
    1029,
    1031,
    1055,
    1058,
    1061,
    1067,
    1072,
    1075,
    1077,
    1080,
    1082,
    1084,
    1090,
    1092,
    1094,
    1095,
    1105,
    1126,
    1129,
    1138,
    1141,
    6,
    9,
    32,
    46,
    56,
    61,
    66,
    69,
    86,
    88,
    91,
    98,
    108,
    109,
    111,
    125,
    138,
    144,
