{
  "Tm": 2,
  "Tn": 2,
  "Tk": 64,
  "Sx": 0.04875200752198227,
  "Sw": [
    0.002879964653402567,
    0.0021654057782143354
  ],
  "quantization": "per_channel"
}