{
  "FC All-Reduce (128 neurons, 15 tiles)": {
    "baseline": {
      "name": "Baseline RR",
      "avg_lat": 11.2,
      "p50": 10.0,
      "p95": 24.0,
      "p99": 24.0,
      "max_lat": 24.0,
      "throughput": 4.076433121019108,
      "jain": 0.7085671248352476,
      "blocked": 31144.0,
      "sparse_avg": 11.2,
      "dense_avg": 0.0,
      "total_cycles": 471.0,
      "delivered": 1920.0
    },
    "sparse": {
      "name": "Sparse-Aware",
      "avg_lat": 11.2,
      "p50": 10.0,
      "p95": 24.0,
      "p99": 24.0,
      "max_lat": 24.0,
      "throughput": 4.076433121019108,
      "jain": 0.7085671248352476,
      "blocked": 31144.0,
      "sparse_avg": 11.2,
      "dense_avg": 0.0,
      "total_cycles": 471.0,
      "delivered": 1920.0
    },
    "inr": {
      "name": "Sparse+INR (router)",
      "avg_lat": 2.0,
      "p50": 2.0,
      "p95": 2.0,
      "p99": 2.0,
      "max_lat": 2.0,
      "throughput": 6.7368421052631575,
      "jain": 1.0,
      "blocked": 776.0,
      "sparse_avg": 2.0,
      "dense_avg": 0.0,
      "total_cycles": 38.0,
      "delivered": 256.0
    },
    "pkt_reduction_pct": 86.66666666666667,
    "reduce_pkt_red_pct": 86.66666666666667,
    "flit_hop_reduction_pct": 68.75,
    "n_orig": 1920.0,
    "n_inr": 256.0,
    "flit_hops_orig": 6144.0,
    "flit_hops_inr": 1920.0
  },
  "FC All-Reduce + Heavy DMA (8-flit weight loads)": {
    "baseline": {
      "name": "Baseline RR",
      "avg_lat": 11.377272727272727,
      "p50": 8.0,
      "p95": 36.0,
      "p99": 54.0,
      "max_lat": 54.0,
      "throughput": 2.8437132784958874,
      "jain": 0.5165117820578987,
      "blocked": 23948.0,
      "sparse_avg": 6.872916666666667,
      "dense_avg": 28.674,
      "total_cycles": 851.0,
      "delivered": 2420.0
    },
    "sparse": {
      "name": "Sparse-Aware",
      "avg_lat": 11.405371900826447,
      "p50": 8.0,
      "p95": 36.0,
      "p99": 54.0,
      "max_lat": 62.0,
      "throughput": 2.8437132784958874,
      "jain": 0.5146787747668341,
      "blocked": 24085.0,
      "sparse_avg": 6.872916666666667,
      "dense_avg": 28.81,
      "total_cycles": 851.0,
      "delivered": 2420.0
    },
    "inr": {
      "name": "Sparse+INR (router)",
      "avg_lat": 19.641534391534393,
      "p50": 18.0,
      "p95": 45.0,
      "p99": 54.0,
      "max_lat": 54.0,
      "throughput": 0.8925619834710744,
      "jain": 0.5899273742248489,
      "blocked": 24108.0,
      "sparse_avg": 2.0,
      "dense_avg": 28.674,
      "total_cycles": 847.0,
      "delivered": 756.0
    },
    "pkt_reduction_pct": 68.7603305785124,
    "reduce_pkt_red_pct": 86.66666666666667,
    "flit_hop_reduction_pct": 22.36340533672173,
    "n_orig": 2420.0,
    "n_inr": 756.0,
    "flit_hops_orig": 18888.0,
    "flit_hops_inr": 14664.0
  },
  "Scatter-Reduce (800 pkts)": {
    "baseline": {
      "name": "Baseline RR",
      "avg_lat": 14.845,
      "p50": 15.0,
      "p95": 27.0,
      "p99": 30.0,
      "max_lat": 30.0,
      "throughput": 2.127659574468085,
      "jain": 0.7897012291263528,
      "blocked": 16781.0,
      "sparse_avg": 13.7775,
      "dense_avg": 15.9125,
      "total_cycles": 376.0,
      "delivered": 800.0
    },
    "sparse": {
      "name": "Sparse-Aware",
      "avg_lat": 14.845,
      "p50": 15.0,
      "p95": 27.0,
      "p99": 30.0,
      "max_lat": 30.0,
      "throughput": 2.127659574468085,
      "jain": 0.7897012291263528,
      "blocked": 16781.0,
      "sparse_avg": 13.7775,
      "dense_avg": 15.9125,
      "total_cycles": 376.0,
      "delivered": 800.0
    },
    "inr": {
      "name": "Sparse+INR (router)",
      "avg_lat": 14.257709251101321,
      "p50": 15.0,
      "p95": 30.0,
      "p99": 30.0,
      "max_lat": 30.0,
      "throughput": 1.3392330383480826,
      "jain": 0.7587092508478133,
      "blocked": 9296.0,
      "sparse_avg": 2.0,
      "dense_avg": 15.9125,
      "total_cycles": 339.0,
      "delivered": 454.0
    },
    "pkt_reduction_pct": 43.25,
    "reduce_pkt_red_pct": 86.5,
    "flit_hop_reduction_pct": 13.715632364493324,
    "n_orig": 800.0,
    "n_inr": 454.0,
    "flit_hops_orig": 6365.0,
    "flit_hops_inr": 5492.0
  },
  "Saturated Reduce Hotspot (root writebacks)": {
    "baseline": {
      "name": "Baseline RR",
      "avg_lat": 23.181065088757396,
      "p50": 24.0,
      "p95": 49.0,
      "p99": 58.0,
      "max_lat": 70.0,
      "throughput": 2.6889419252187747,
      "jain": 0.674415348370523,
      "blocked": 130986.0,
      "sparse_avg": 21.604861111111113,
      "dense_avg": 32.26,
      "total_cycles": 1257.0,
      "delivered": 3380.0
    },
    "sparse": {
      "name": "Sparse-Aware",
      "avg_lat": 20.15414201183432,
      "p50": 18.0,
      "p95": 48.0,
      "p99": 57.0,
      "max_lat": 69.0,
      "throughput": 2.655145326001571,
      "jain": 0.6497041180704256,
      "blocked": 110768.0,
      "sparse_avg": 18.26597222222222,
      "dense_avg": 31.03,
      "total_cycles": 1273.0,
      "delivered": 3380.0
    },
    "inr": {
      "name": "Sparse+INR (router)",
      "avg_lat": 67.71153846153847,
      "p50": 9.0,
      "p95": 210.0,
      "p99": 223.0,
      "max_lat": 235.0,
      "throughput": 1.2142857142857142,
      "jain": 0.39826117181782733,
      "blocked": 114970.0,
      "sparse_avg": 2.0,
      "dense_avg": 118.178,
      "total_cycles": 728.0,
      "delivered": 884.0
    },
    "pkt_reduction_pct": 73.84615384615385,
    "reduce_pkt_red_pct": 86.66666666666667,
    "flit_hop_reduction_pct": 31.722825814850047,
    "n_orig": 3380.0,
    "n_inr": 884.0,
    "flit_hops_orig": 19973.0,
    "flit_hops_inr": 13637.0
  },
  "nuScenes mini BEV Fusion (6 cameras, 192 cells)": {
    "baseline": {
      "name": "Baseline RR",
      "avg_lat": 36.787326388888886,
      "p50": 30.0,
      "p95": 95.0,
      "p99": 100.0,
      "max_lat": 101.0,
      "throughput": 5.877551020408164,
      "jain": 0.554966456618999,
      "blocked": 76597.0,
      "sparse_avg": 36.787326388888886,
      "dense_avg": 0.0,
      "total_cycles": 196.0,
      "delivered": 1152.0
    },
    "sparse": {
      "name": "Sparse-Aware",
      "avg_lat": 36.787326388888886,
      "p50": 30.0,
      "p95": 95.0,
      "p99": 100.0,
      "max_lat": 101.0,
      "throughput": 5.877551020408164,
      "jain": 0.554966456618999,
      "blocked": 76597.0,
      "sparse_avg": 36.787326388888886,
      "dense_avg": 0.0,
      "total_cycles": 196.0,
      "delivered": 1152.0
    },
    "inr": {
      "name": "Sparse+INR (router)",
      "avg_lat": 2.0,
      "p50": 2.0,
      "p95": 2.0,
      "p99": 2.0,
      "max_lat": 2.0,
      "throughput": 7.529411764705882,
      "jain": 1.0,
      "blocked": 1120.0,
      "sparse_avg": 2.0,
      "dense_avg": 0.0,
      "total_cycles": 51.0,
      "delivered": 384.0
    },
    "pkt_reduction_pct": 66.66666666666666,
    "reduce_pkt_red_pct": 66.66666666666666,
    "flit_hop_reduction_pct": 38.46153846153847,
    "n_orig": 1152.0,
    "n_inr": 384.0,
    "flit_hops_orig": 2496.0,
    "flit_hops_inr": 1536.0
  },
  "nuScenes mini BEV Fusion + Dense DMA": {
    "baseline": {
      "name": "Baseline RR",
      "avg_lat": 10.864046391752577,
      "p50": 6.0,
      "p95": 45.0,
      "p99": 54.0,
      "max_lat": 54.0,
      "throughput": 2.3095238095238093,
      "jain": 0.4333959201421009,
      "blocked": 18682.0,
      "sparse_avg": 4.690972222222222,
      "dense_avg": 28.6425,
      "total_cycles": 672.0,
      "delivered": 1552.0
    },
    "sparse": {
      "name": "Sparse-Aware",
      "avg_lat": 10.932345360824742,
      "p50": 6.0,
      "p95": 45.0,
      "p99": 54.0,
      "max_lat": 61.0,
      "throughput": 2.3095238095238093,
      "jain": 0.4320200481587724,
      "blocked": 18898.0,
      "sparse_avg": 4.710069444444445,
      "dense_avg": 28.8525,
      "total_cycles": 672.0,
      "delivered": 1552.0
    },
    "inr": {
      "name": "Sparse+INR (router)",
      "avg_lat": 15.59311224489796,
      "p50": 9.0,
      "p95": 45.0,