{
  "layer_name": "fc_512_128",
  "shape": [
    128,
    512
  ],
  "padded_shape": [
    128,
    512
  ],
  "blocksize": [
    8,
    8
  ],
  "num_blocks": 103,
  "num_block_rows": 16,
  "num_block_cols": 64,
  "density": 0.1005859375,
  "sparsity_pct": 89.94140625,
  "row_ptr": [
    0,
    6,
    15,
    21,
    27,
    34,
    40,
    47,
    59,
    66,
    68,
    76,
    78,
    87,
    92,
    98,
    103
  ],
  "col_idx": [
    1,
    13,
    20,
    21,
    34,
    58,
    7,
    16,
    23,
    27,
    35,
    38,
    41,
    42,
    57,
    2,
    32,
    33,
    38,
    61,
    63,
    9,
    13,
    22,
    49,
    51,
    60,
    13,
    14,
    17,
    20,
    52,
    57,
    59,
    10,
    19,
    23,
    25,
    46,
    52,
    1,
    3,
    5,
    17,
    29,
    43,
    51,
    6,
    10,
    11,
    18,
    26,
    27,
    28,
    36,
    43,
    56,
    60,
    62,
    43,
    48,
    49,
    50,
    52,
    53,
    54,
    24,
    38,
    6,
    21,
    23,
    41,
    46,
    59,
    60,
    62,
    25,
    43,
    1,
    3,
    7,
    8,
    14,
    37,
    50,
    53,
    63,
    8,
    24,
    28,
    39,
    43,
    1,
    35,
    46,
    59,
    61,
    62,
    15,
    18,
    44,
    46,
    56
  ],
  "tiles_per_row": [
    6,
    9,
    6,
    6,
    7,
    6,
    7,
    12,
    7,
    2,
    8,
    2,
    9,
    5,
    6,
    5
  ],
  "max_tiles_per_row": 12,
  "avg_tiles_per_row": 6.4375
}